{
    "data": "HELLO WORLD",
    "funnyNumber": 1337,
    "floaty": 42.41999816894531,
    "position": {
        "x": -3.200000047683716,
        "y": 0.9599999785423279,
        "z": 7.820000171661377
    }
}